Emails,URL
null,tanghoatannha.com
null,lolipet.net
akiramerch.com@merchmailservice.com,akiramerch.com
null,cometonigeria.com
null,throttletek.com
"Serving Churches & Schools for 30 years,info@cityexpresstravel.net",cityexpresstravel.net
null,hjmegens.github.io
your@friend.com,ava.me
+12025550133,ethno-tattoo.com
info@mysite.com,kauaikunanadairy.com
null,gayamexico.com
null,clarenceokoh.com
null,aimfair.com
null,mountmarybasilicabandra.in
null,valeryaircraftsupply.com
null,hazelstravels.co.uk
info@mysite.com,milosdavis.com
site/newsletter,checkoutdfw.com
info@mysite.com,cafemuscat.com
rhnews@register-herald.com,register-herald.com
"tel:+18775686118,info@thecentreescondido.com",thecentreescondido.com
Info@plumbingvans.com,plumbingvans.com
news@pressrepublican.com,pressrepublican.com
info@mysite.com,sbpestcontrol.com
null,beckycarboneinteriors.com
pat@allsafe-pest.com,allsafe-pest.com
newsroom@sharonherald.com,sharonherald.com
null,verekia.com
info@mysite.com,samehwadi.com
null,gorhamandnorton.com
null,julianbeever.net
null,drhoneydo.com
https:/hatteras-island.com/contact-us/,hatteras-island.com
null,riverlilystudio.com
velomilano@gmail.com,velocipedi.com
contact-precision-millworks/,precisionmillworks.com
thesquare@onid.co.uk,thesquaremagazine.com
null,royalinsight.net
https:/urbanbetty.us2.list-manage.com/subscribe,weirdhomestour.com
"info@mysite.com,contact@acrylicdeluxe.com",acrylicdeluxe.com
info@famouscleaning.com.au,famouscleaning.com.au
null,gregsmeats.com
null,hgregoiremitsubishi.com
null,chomedeyhyundai.com
(405) 225-0810,autodentcompany.com
null,biltmoreexteriors.com
null,sunburstshuttersphilly.com
null,bmz-digital.global
null,dinbeat.com
hamsafarmstay@gmail.com,hamsabhuvan.com
null,cocolux-couture.com
null,novita.com
null,universityofcambridge.shop
null,modaxlarge.com
null,axspen.co
null,bigrigbaby.com
info@mysite.com,arenabcn.com
null,thecloset.co
null,littledreamscomforts.com
"enteryour@addresshere.com,contact@setu.in",setu.in
hi@teng.pub,teng.pub
null,feykare.com
null,bamboosheetsshop.com
null,onlinemattressshowroomtampa.com
null,farsaorganic.com
https:/www.tiktok.com/@realegdaily,egdaily.com
info@mysite.com,buddyfitmode.com
null,flybridgestaffing.com
null,bostonswickednorthshore.com
https:/www.linkedin.com/company/wow-worldofwine,wow-worldofwine.com
info@mysite.com,dcphotographybyjess.com
"{{(sitedata.siteBrand == 1),{{section.headerEmail}},{{member.emailAddress}},{{currentUser.emailAddress}}",knightslandingvaldosta.com
"eisenwoodusa@aol.com,rlewis@dreamscapesdev.com,kens@hsyinc.com,marlene.sykes@carewearuniforms.com,tinyrhodes@yahoo.com,jon@Dc3therapeutics.com,helpdesk@fedlinks.us",fedlinks.com
undefined,telescope.tv
law@willans.co.uk,willans.co.uk
support@dearsystems.com,dearsystems.com
null,hcdc.vn
null,farsaorganic.com
https:/www.tiktok.com/@realegdaily,egdaily.com
info@mysite.com,buddyfitmode.com
null,flybridgestaffing.com
null,bostonswickednorthshore.com
https:/www.linkedin.com/company/wow-worldofwine,wow-worldofwine.com
info@mysite.com,dcphotographybyjess.com
"{{(sitedata.siteBrand == 1),{{section.headerEmail}},{{member.emailAddress}},{{currentUser.emailAddress}}",knightslandingvaldosta.com
null,lalouettesilk.com
null,mysteeknaturals.com
null,daggerfirearms.com
https:/craftingagreenworld.com/subscribe/,craftingagreenworld.com
Phone No:  0044‪ 208 135 9452‬,fenstoncarter.co.uk
Ym91dGlxdWVAZ2V0em5lci5hdA==,getzner-official.at
webmaster@dailyindependent.com,dailyindependent.com
news@richmondregister.com,richmondregister.com
enteryour@addresshere.com,woodboys.com
info@mysite.com,kcrisefund.com
Phone (02) 9726 6891,saludmedical.com.au
"(919) 435-8514,joe@Metzger-financial.com",metzger-financial.com
null,app-scoop.com
null,firstlightpropertymanagement.co.nz
info@mysite.com,ticketconsignment.com
Email:,affixapparel.com
https:/plus.google.com/105742803837396429830,heritagefinishingproducts.com
tentenautoservice@gmail.com,tentenauto.com
mhjacket@gmail.com info@hussarmilitaryjackets.com,hussarmilitaryjackets.com
info@mysite.com,applebydrycleaners.com
customerservice@asyouwishpottery.com,asyouwishpottery.com
Miami: 305-456-5189,allenandsonmoving.com
null,swnewsmedia.com
email address here,barelas.net
null,retailflooringstores.com
null,mattressatlanta.com
null,onlinemattressshowroommn.com
webmaster@goshennews.com,goshennews.com
https:/myemma.com/login,livingwithlandyn.com
info@mysite.com,wecleanweddingdress.com
null,pranichealing.gr
"https:/www.youtube.com/channel/UCTYbzTomzheVx92q-ViHoFA,info@handsonhealingspa.com",handsonhealingspa.com
null,innerpowerhouse.com
null,srividyaengg.ac.in
"https:/03f2fca.netsolhost.com/customtrip.html,tourinfo@himalayantours.com",himalayantours.com
null,shastrigal.net
null,americanayurveda.com
null,shripeeth.in
info@mysite.com,debbyandersen.com
info@mysite.com,radiantlovevibrations.com
null,meghanreistad.net
null,myspookylittlesoul.com
yourfriend@email.com,zones.co.nz
null,irwinstone.com
"info@mysite.com,bob@michigantimbershack.com",michigantimbershack.com
null,excelite-enclosure.com
"http:/www.thelifejolie.com/contact/,thelifejolie@gmail.com",thelifejolie.com
"Hours: Mon-Fri: 8:30-5:00 Sat: 8:30-2:00 Sun: Closed,dreamteam@clinesnursery.com",clinesnursery.com
null,oh-monday.com
null,sunnydesigns.com
"info@adelaideaquaboys.com.au,patrick@adelaideaquaboys.com.au",adelaideaquaboys.com.au
kEncEmaildpoubduAdptumfttqbsutdpnkEncEmailEnd,costlessparts.com
admin@thenursingsolutions.com,thenursingsolutions.com
your@website.com,preferredcompliance.com
null,created-by-couture.com
null,sensorytoywarehouse.com
"https:/nextdoor.com/pages/snap-clean-vero-beach-fl/,david@snapcleanservices.com",snapcleanservices.com
info@mysite.com,dallashousemaids.com
null,feykare.com
+1 (305) 463 9000,colourrepublic.com
null,recreationwholesale.com
null,colegardens.com
customerservice@kingfishermedical.com,kingfishermedical.com
null,hanlassociates.com
https:/www.thefastlaneforum.com/community/misc/contact,viperionpublishing.com
null,sanrenmu.com
example@mail.com,salambarber.com
"Management: Jesse Atwell Atwell Management, jesse@atwellmgmt.com,afang@newfrontiertouring.com",whatismae.com
sklep@inter-mac.pl,inter-mac.pl
kEncEmailjogpAqfssjtmfbuifsdpnkEncEmailEnd,perrisleather.com
https:/www.paypal.me/pcgamergirl,projectsimmy.com
dailysun@corsicanadailysun.com,corsicanadailysun.com
null,echoofnature.com.sg
cambio.devolucion@masisac.com.pe,pionier.pe
null,raineywear.com
null,dinermangroup.com
info@mysite.com,libertycleanerssimi.com
info@mysite.com,cleangreennyc.com
info@mysite.com,teamteyko.com
info@mysite.com,fashiondiariesofacoolkid.com
null,lisalaker.com
null,luxurysheetsoutlet.com
uk@anderseneurope.com,anderseneurope.com
kEncEmailtbmftAbmcsjhiuttvqqmzdpnkEncEmailEnd,albrightssupply.com
QyEQFnMqJ0MJiPB3nuP9hPCrJHAzenyCZe6IKQyb6A=,tommysholesappraisers.com
null,kandente.com.ar
null,justvinylandcrafts.com
youremail@gmail.com,gracemee.com
null,pop-boutique.com
null,usabid.rugby
null,csicx.com
null,maximconnect.in
null,ultimategamesquad.com
Call Now 772-562-1199 or 800-517-5007,corporate-air.com
{{ property.trackingCodes.email }},venterraliving.com
null,hotel.report
(844) 668-3282,nicmapvision.com
null,bmsce.ac.in
info@tp​​​​​​​​​​​-labs.com,twinpeakstesting.com
ob#nfgenjoevqtr#at#dhnq1.pbz#ob#,lydianlyric.com
null,defensedistributors.com
18184848222,carfindersmd.com
null,daintytee.com
null,scootersdelivery.com
null,glocart.net
info@mysite.com,brooklanddogwalking.com
null,innovativefinancingsolutions.net
info@mysite.com,torofunding.com
null,waveinventory.io
null,recreationwholesale.com
null,empower-re.com
nlinder@unionrecorder.com,unionrecorder.com
undefined,drovo.media
newsroom@thetimestribune.com,thetimestribune.com
"support@example1.com,reachus@gramener.com",gramener.com
info@mysite.com,matrixresource.net
null,thebillwaltonshow.com
null,budlong.com
aro.net,aro.net
null,mudloads.com
assist@athensnews-courier.com,enewscourier.com
null,photoblanket.ie
null,asiancountryantiques.com
null,chelseabagel.com
contactus@lockportjournal.com obitdesk@wnyclassified.com,lockportjournal.com
null,smartsoda.nyc
null,quantumit-solutions.com
info@mysite.com,quantifyhealth.co
example@mail.com,advantixsystems.com
<a href='https:/preludeedc.com/company/contact/'>Contact Us</a>,preludedynamics.com
"kEncEmailtbmftAxnppsfqspgjmftdpnkEncEmailEnd,kEncEmailbebnAxnppsfqspgjmftdpnkEncEmailEnd",wmooreprofiles.com
null,silkfunding.com
"1-866-391-7763 TTY 711,info@medicarecompareusa.com",medicarecompareusa.com
null,digitsolutionsgh.com
info@mysite.com,bkcustoms.com
[branding-information type=,smallwoodinsurance.com
null,boldtcrc.com.au
kEncEmailjogpAsfqsftdpuudpnkEncEmailEnd,represcott.com
salonbellasorelle@gmail.com,bellasorelle.com
null,biscecertification.com
null,bluemountainchrysler.com
newmedia@mfa-inc.com,mfa-inc.com
Info@plumbingvans.com,plumbingvans.com
contact@blueribboncontracting.co,blueribboncontracting.co
null,coastalretreatswa.com.au
informacion@gimnasiodelnorte.edu.co,gimnasiodelnorte.edu.co
info@footballprogrammes.com,footballprogrammes.com
null,mobler.dk
null,kcskasinadarcollege.in
info@mysite.com,sashacompton.com
info@mysite.com,morfminibreeds.com
null,diannasmassage.com
null,motorcycleaccidentsummit.com
"info@mysite.com,marcus@marcusbikes.com",marcusbikes.com
null,bansheebikeshop.com
null,jerseyfont.com
info@oxfarm.co.ke,oxfarm.co.ke
null,miaprivateutilities.com
null,thailandtourvacation.com
info@mysite.com,marincarrental.us
null,keykayak.com
null,frontierrepairandrental.com
info@mysite.com,weststreetgrill.com
null,america-rc.com
{{locationDetails.Email}},europcar.dk
Topeka: 785-272-0070,proprintks.com
null,vulgrco.com
null,sknspanyc.com
example@email.com,buzznberry.com
enteryour@addresshere.com,clothfusion.com
ankush@innovtexfashion.com,innovtexfashion.com
Mr9f6nS01MS1SPsi6lJiMK/h85KXjyC603eyc5xz1qJy8TyjNuy/J1FUx3VPOf7,cornerstoneappraisalservices.biz
null,picklemasters.com
"5087538581,millerfence@millerfence.com,bryandzn77@gmail.com",millerfence.com
null,sunshieldpatiocovers.com
null,destintikiboats.com
null,houseofwhitley.com
info@mysite.com,knowyourships.com
null,junelakemarina.net
"info@mysite.com,davespensacolapontoons@gmail.com",davespensacolapontoons.com
null,marinago.com
info@mysite.com,coldplungetherapylounge.com
null,cannacardelivery.com
/info@yourdomain.com,mudospharma.com
null,onlinereplicastore.com
null,eastmansdocks.com
null,pibjetski.com
www.tiktok.com@uncharted.rentals,unchartedboatrentals.com
null,kayakcharlestonsc.com
null,ezdocktampa.com
null,utahlivebands.com
null,20inchesorless.com
null,manmo.vn
null,pridemotors.in
Monday - Friday: 9:00am - 5:30pm,persnicketyflowers.com
null,mumfactoryoutlet.com
"[acf field=,reception@rhodesavenue.org.uk",rhodesavenue.school
null,carolcao.com
"info@mysite.com,meg@lapisroom.com",lapisroom.com
michael@hoelcks.com,hoelcks.com
am95Y2U3NTA5NEBnbWFpbC5jb20=,chinafang.net
null,romanos24.com
en*******@ke*********.uk,kerrysfresh.co.uk
"https:/signup.e2ma.net/signup/1855682/1738956/,contactus@langdonpublishing.com",tulsapeople.com
info@mysite.com,perfectfitcleaning.com
null,brightstarlaundry.com
info@mysite.com,chrcleaners.com
null,dastiventures.com
null,nathonkong.com
info@mysite.com,wecleancurtains.com
null,manchesterlaundry.com
null,busymall3712.com
null,huber-technology.com
"daniel@danielfoley.co.uk,complaints@scooter.guide,copyright@scooter.guide,info@scooter.guide",scooter.guide
null,nathonkong.com
info@mysite.com,wecleancurtains.com
null,manchesterlaundry.com
null,busymall3712.com
null,huber-technology.com
"daniel@danielfoley.co.uk,complaints@scooter.guide,copyright@scooter.guide,info@scooter.guide",scooter.guide
info@mysite.com,laundrytransit.com
null,lavanderiacercademi.com
null,megapac.sg
+420 466 681 351-8,feifer.eu
"support@royalconsumerproducts.com,enteryour@addresshere.com",royalconsumerproducts.com
null,kpvi.com
null,saltytub.com
sales@scienceequip.com.au,scienceequip.com.au
info@mysite.com,bakkencleaners.com
editor@weatherforddemocrat.com,weatherforddemocrat.com
jmienk@palestineherald.com,palestineherald.com
null,sundukserve.com
null,lapellaundry.com
info@mysite.com,garmentocleaners.com
null,washdryandwifi.com
news@muskogeephoenix.com,muskogeephoenix.com
info@mysite.com,keepmakingsuds.com
info@mysite.com,tetoncleaningco.com
web@mcalesternews.com,mcalesternews.com
"newsletter/signup,webmaster@hjnews.com,hjnews@hjnews.com,hjclass@hjnews.com",hjnews.com
news@theadanews.com,theadanews.com
null,sunshinelaundromatwarnerrobins.com
info@mysite.com,zestcleaningco.com
webmaster@thedailystar.com,thedailystar.com
nlinder@unionrecorder.com,unionrecorder.com
"https:/www.collegian.psu.edu/newsletters/,webstaff@psucollegian.com",psucollegian.com
null,villacotton.com
info@mysite.com,newerafurniture.us
null,bushacres.com
informacion@gimnasiodelnorte.edu.co,gimnasiodelnorte.edu.co
info@footballprogrammes.com,footballprogrammes.com
null,mobler.dk
null,kcskasinadarcollege.in
info@mysite.com,sashacompton.com
"{ woodbridgeDetails.email },{ ipswichDetails.email }",ip-lettings.co.uk
null,tharunshaelite.com
info@live-light.com,live-light.com
null,pickaquilt.com
kEncEmailjogpAtpdlhvzdpnkEncEmailEnd,sockguy.com
null,lillypad.ai
null,pfg.asia
null,lisalombardi.art
null,casalistatienda.com
null,vaktija.me
"[!--temp.eamil--],info@gneenev.com",gneenev.com
null,logodesigncharlottenc.com
null,22press.ie
"info@mysite.com,meg@lapisroom.com",lapisroom.com
null,sawtoothshirts.com
null,inexture.com
null,intentionalmktg.com
contact@game-theory.shop,game-theory.shop
"615-933-2013,info@remartg.com",remartg.com
hinBtlgfjgsX0jP9uA9QMsbwJ8P1FrhA1NkCimApswg=,aci-eng.com
null,lockwoodkia.com
webmaster@amazonjacket.com,amazonjacket.com
null,aquariumfishonline.com.au
null,yoshepte.com
null,hytrend.com
null,malikstitchers.pk
null,usadetergentmanufacturing.com
null,dannyswesternwear.com
null,mygbl.eu
null,peacetradinginc.com
null,hanoicomputer.net
sales@nutechwindparts.com,nutechwindparts.com
